{
  "POST /users/login" : {
    "transaction" : "POST /users/login",
    "sampleCount" : 30,
    "errorCount" : 0,
    "errorPct" : 0.0,
    "meanResTime" : 565.6,
    "medianResTime" : 537.5,
    "minResTime" : 390.0,
    "maxResTime" : 1444.0,
    "pct1ResTime" : 722.2000000000002,
    "pct2ResTime" : 1153.5999999999997,
    "pct3ResTime" : 1444.0,
    "throughput" : 2.460831761135264,
    "receivedKBytesPerSec" : 1.927331125420392,
    "sentKBytesPerSec" : 0.656061592568288
  },
  "POST /notes" : {
    "transaction" : "POST /notes",
    "sampleCount" : 30,
    "errorCount" : 0,
    "errorPct" : 0.0,
    "meanResTime" : 364.8,
    "medianResTime" : 340.0,
    "minResTime" : 302.0,
    "maxResTime" : 602.0,
    "pct1ResTime" : 461.4000000000001,
    "pct2ResTime" : 562.4,
    "pct3ResTime" : 602.0,
    "throughput" : 2.6942074539739562,
    "receivedKBytesPerSec" : 2.468199231028289,
    "sentKBytesPerSec" : 1.0526878929052537
  },
  "Total" : {
    "transaction" : "Total",
    "sampleCount" : 90,
    "errorCount" : 0,
    "errorPct" : 0.0,
    "meanResTime" : 459.78888888888906,
    "medianResTime" : 413.5,
    "minResTime" : 302.0,
    "maxResTime" : 1444.0,
    "pct1ResTime" : 613.7,
    "pct2ResTime" : 674.5,
    "pct3ResTime" : 1444.0,
    "throughput" : 6.946052326927529,
    "receivedKBytesPerSec" : 28.86930387531836,
    "sentKBytesPerSec" : 2.028419121903218
  },
  "GET /notes" : {
    "transaction" : "GET /notes",
    "sampleCount" : 30,
    "errorCount" : 0,
    "errorPct" : 0.0,
    "meanResTime" : 448.96666666666664,
    "medianResTime" : 419.0,
    "minResTime" : 338.0,
    "maxResTime" : 680.0,
    "pct1ResTime" : 569.6,
    "pct2ResTime" : 666.25,
    "pct3ResTime" : 680.0,
    "throughput" : 2.683843263553409,
    "receivedKBytesPerSec" : 28.903209708803004,
    "sentKBytesPerSec" : 0.587090713902308
  }
}